"['""How do I know the build number of the public release of Windows 10?""', '""Can I schedule when Windows Updates are installed and will these required updates force restart my computer?""', '""How do I report inappropriate or harmful content on the Windows 10 community forum?""']",Frequently Asked Questions_ Windows 10 - Microsoft Community
['Who was the first recorded king of the Predynastic period in Egypt?'],Predynastic Period - History for kids
"['""How do I enable the Autopilot feature on my new Tesla vehicle?""']",Tesla_Autopilot
"['""What are some tips to consider when planning to find a more affordable and better Wi-Fi plan from my Internet Provider?""']",Break with your Internet Provider_ How To Get Wi-Fi For Less _ T-Mobile 5G Home Internet
"['""What specific performance boost can data-driven applications expect when using the CUDA architecture?""']",FAQ _ GeForce
"['""What are the common problems I need to look out for when creating well-formed HTML pages?""']",Well-Formed HTML _ Developer.com
"['""How do I delete my search history from a specific day on Google?""']",Manage & delete your Search history - Computer - Google Search Help
"['""What are the features included in the Full Self-Driving Capability of the Tesla Autopilot system?""']",Autopilot
"['""How do I create a new email signature in my Apple\'s Mail application on my Mac?""']",Create and use email signatures in Mail on Mac - Apple Support
"['""Why was the process of adopting the U.S. Constitution deemed necessary and what issues needed addressing from the preceding \'Articles of Confederation\' era?""']",The Constitution _ The White House
"['""When was the Declaration of Independence officially agreed upon and signed?""']",Declaration-of-Independence
"['""As a data scientist, how can I add packages to my Anaconda project?""', '""How do I add an encrypted environment variable through to my project using Anaconda library?""', '""How can I add a package to the anaconda-project.yml using the anaconda-project command?""']",anaconda-project-readthedocs-io-en-latest
